id,name,modality,primary_area,pattern,equipment,media,contraindications,created_at,notes,movement_pattern,plane_of_motion,primary_muscle_group,secondary_muscle_groups,equipment_category,exercise_complexity,tags
00ce76bf-1141-49f0-b663-8519d22adf80,Calf Raise (BW),strength,lower,na,"[""bodyweight""]","{""youtube"":""https://youtu.be/6uO8Cz3z9Gk""}","{""no_barbell"":true}",2025-10-24 17:54:38.67875+00,Full ROM; pause,,,,,,,"[""calves"",""beginner"",""teen-safe"",""legs"",""lower""]"
01eb5269-f13d-4489-90d4-6775ab3709ec,Side Plank,core,core,anti_rotate,"[""bodyweight""]","{""youtube"":""https://youtu.be/pSHjTRCQxIw""}","{""no_barbell"":true}",2025-10-24 17:54:38.67875+00,Stack hips,,,,,,,"[""core"",""obliques"",""teen-safe""]"
023c5349-06ee-4175-b990-11183a8c12ee,Quad Stretch (Right),mobility,lower,na,[],,,2025-10-27 20:11:42.575052+00,Static stretch for quadriceps,Static Stretch,Sagittal,Quads,,,Beginner,"[""stretch"",""static"",""quads"",""cooldown"",""legs"",""lower""]"
024a5c33-1ba9-4054-bcde-b6c8d45ec5b9,Deadlift,strength,lower,pull,"[""barbell"",""squat rack""]","{""youtube"":""https://www.youtube.com/watch?v=op9kVnSso6Q""}",,2025-10-28 14:24:24.559045+00,"Stand with your feet hip-width apart, grip the bar just outside your knees, keep your back flat, and lift by driving through your heels and extending your hips and knees together until you're standing tall.",,,,,,,"[""strength"",""posterior"",""back"",""legs"",""primary"",""upper"",""lower""]"
0438a20f-4d2b-484e-bbca-8bd0c22ed2d3,Fartlek (On/Off),running,full,gait,"[""road"",""trail""]","{""youtube"":""https://www.youtube.com/watch?v=fnevYyyE8Bo""}",{},2025-10-24 20:25:03.797411+00,8–12 × (1 min hard / 1 min easy) after 10 min warm-up,,,,,,,"[""run"",""fartlek"",""hiit"",""engine""]"
04978b37-2f12-4726-bc41-aa68c0fae1c8,Steady incline run,running,na,na,[],,,2025-11-03 08:38:08.098974+00,,,,,,,,[]
05c89014-2d24-4e7b-9eb1-0935fae7d61b,Sprint,running,full,na,[],,,2025-10-27 20:11:42.575052+00,High intensity sprint,Running,Sagittal,Legs,,,Intermediate,"[""cardio"",""power"",""Z4"",""intervals""]"
06215a5e-bd21-4d28-8e4a-afdee6e9e053,Narrow Grip Pull Up,bodyweight,upper,na,"[""bodyweight""]","{""youtube"":""https://www.youtube.com/watch?v=cd_38C6LuvY""}",,2025-11-07 17:04:59.347159+00,Bodyweight upper body pull,,,,,,,"[""primary"",""back"",""upper""]"
06c9d844-afca-4bd9-a4a9-e7091e6c6c05,Seated Row (Neutral Grip),strength,upper,pull,"[""machine""]","{""youtube"":""https://youtu.be/GZbfZ033f74""}","{""no_barbell"":true}",2025-10-24 17:54:38.67875+00,Neutral grip; pause,,,,,,,"[""back"",""machine"",""teen-safe"",""upper""]"
086042f5-0554-4bb6-905e-4b67676515e0,Figure of 4 left glute stretch,strength,na,na,[],,,2025-10-28 21:55:16.551895+00,,,,,,,,"[""glutes"",""lower""]"
08887f87-5e5a-4da8-88a8-aa91f318407b,Chest Press,strength,upper,push,"[""machine""]","{""youtube"":""https://youtu.be/2yjwXTZQDDI""}","{""no_barbell"":true}",2025-10-24 17:54:38.67875+00,"Keep your feet flat, shoulder blades retracted, and control the weight through a full range of motion while pressing explosively and lowering slowly.",,,,,,,"[""chest"",""triceps"",""machine"",""teen-safe"",""primary"",""upper""]"
09621d5b-2dc0-4c5b-a3fa-6c5adb9c21c5,BikeErg HIIT 40/20,erg,full,gait,"[""bike""]","{""youtube"":""https://youtu.be/3suAxCsGRj4""}","{""no_barbell"":true}",2025-10-24 17:54:38.67875+00,8–12 rounds; avoid >10% fade,,,,,,,"[""erg"",""hiit"",""bike"",""teen-safe""]"
09d09388-c4c9-4829-8c1d-3f83e4b9ab43,Cat-Cow,mobility,upper,na,"[""bodyweight""]","{""youtube"":""https://youtu.be/kqnua4rHVVA""}","{""no_barbell"":true}",2025-10-24 17:54:38.67875+00,Slow breathing,,,,,,,"[""spine"",""mobility"",""teen-safe""]"
0b0b4b39-aa6a-40c0-9683-3e93a87d25a8,Kettlebell Swing,strength,na,na,"[""kettlebell""]",,,2025-11-03 10:08:57.842406+00,,,,,,,,[]
0bcbc33f-46a9-43d7-844b-8052ffb9eed3,Figure of 4 right glute stretch,strength,na,na,[],,,2025-10-28 21:55:14.745727+00,,,,,,,,"[""glutes"",""lower""]"
0bd1bee6-ca63-4c6c-8aeb-b3aa7e7fb7e6,Inverted Row (TRX),strength,upper,pull,"[""trx""]","{""youtube"":""https://www.youtube.com/watch?v=oBm8_yRj8TU""}","{""no_barbell"":true}",2025-10-24 17:54:38.67875+00,Squeeze mid-back,,,,,,,"[""back"",""beginner"",""teen-safe"",""upper""]"
0d0c6ab2-2f32-4577-bc58-4c250e94ddf2,Weighted Burpees,cardio,full,hinge,"[""bodyweight""]","{""youtube"":""https://www.youtube.com/watch?v=sT4c7cXPLPs""}",,2025-11-03 10:09:05.387427+00,"Hold a pair of dumbbells, drop into a push-up position with the weights, perform a push-up, jump your feet forward, then explosively jump up while pressing or lifting the dumbbells overhead.",,,,,,,"[""primary""]"
0dedbcb0-5a4c-4575-87e0-d6e9eff4b3d0,Cable Row,strength,upper,pull,"[""machine"",""cable""]",,,2025-11-07 08:56:03.308134+00,,,,,,,,"[""back"",""upper""]"
0f1d0925-8aff-4d25-84ca-146e83474378,Obliques Roman Chair Side Bend,rehab,upper,pull,"[""band""]","{""youtube"":null}",,2025-10-25 17:48:37.712507+00,Elbows soft; scaps set,,,,,,,"[""shoulders"",""prehab"",""teen-safe"",""upper""]"
0f728a1c-19bc-46a8-bf57-07cda88b5ace,Pelvic Tilting Plank,bodyweight,core,na,"[""bodyweight""]",,,2025-10-28 14:24:24.559045+00,Plank with pelvic tilt,,,,,,,"[""core""]"
109c1825-8b2d-4990-9489-62ca5df27cff,Figure of 4 Stretch,mobility,na,na,[],,,2025-10-28 14:24:24.559045+00,Glute and hip stretch,,,,,,,[]
113da189-4582-4c07-af02-6afad5233c98,Hamstring Stretch (Left),mobility,lower,na,[],,,2025-10-27 20:11:42.575052+00,Static stretch for hamstrings,Static Stretch,Sagittal,Hamstrings,,,Beginner,"[""stretch"",""static"",""hamstrings"",""cooldown"",""legs"",""lower""]"
117ff06f-82c9-475f-aaa9-95b7f4ebfe2f,Ankle Dorsiflexion Mobilization,mobility,lower,na,"[""bodyweight"",""band""]","{""youtube"":""https://youtu.be/Qn8K9qj5Tck""}","{""no_barbell"":true}",2025-10-24 17:54:38.67875+00,Knee over toes gently,,,,,,,"[""ankle"",""mobility"",""teen-safe""]"
12360b92-0e8f-4213-8fa5-7bf4ff9ccbc2,New Exercise,mobility,na,na,[],,,2025-11-07 15:07:45.333418+00,,,,,,,,[]
1294ab08-c9e2-40cc-85f1-71947d38a256,Easy flat jog/walk,running,na,na,[],,,2025-11-03 08:38:28.479593+00,,,,,,,,"[""back"",""upper""]"
143f6079-f6d1-4bfd-8b0d-936cb0e01693,Tall Kneeling Landmine Press,strength,na,na,[],"{""youtube"":""https://www.youtube.com/watch?v=5aBlEtgiL44""}",,2025-11-03 08:38:53.190504+00,,,,,,,,[]
14a09602-b619-4562-84af-20b70212ed75,AMRAP Engine 12 min,cardio,na,na,[],,,2025-11-03 10:08:46.573295+00,,,,,,,,[]
1736766e-efce-44a3-8f57-ee6f9c6defea,DB Hip Thrust,strength,lower,hinge,"[""dumbbell"",""bench""]","{""youtube"":""https://www.youtube.com/watch?v=SGZK0YZmEpU""}","{""max_db_kg"":6}",2025-10-24 17:54:38.67875+00,"Sit with your upper back against a bench, place a dumbbell across your hips, then drive through your heels to lift your hips until your body forms a straight line from shoulders to knees, squeezing your glutes at the top.",,,,,,,"[""glutes"",""posterior"",""teen-safe"",""primary"",""lower""]"
17b4533b-fa0f-48e4-9155-0860cd41ad23,Burpees,cardio,full,hinge,"[""bodyweight""]","{""youtube"":""https://youtube.com/shorts/1rfWwNu-eG8""}",,2025-10-24 22:49:07.59794+00,Jumping Forward,,,,,,,"[""hyrox"",""conditioning"",""low-impact"",""teen-safe""]"
193f1b22-1cba-4d8b-a275-e25b39d462cb,Single Arm DB Row,strength,upper,na,"[""dumbbell""]","{""youtube"":""https://www.youtube.com/watch?v=ZRSGpBUVcNw""}",,2025-10-28 14:24:24.559045+00,"Place one knee and hand on a bench for support, hold a dumbbell in the other hand, pull it toward your hip by squeezing your back muscles, then lower it slowly to the starting position.",,,,,,,"[""primary"",""back"",""upper""]"
1a512eee-d4fd-4710-aa2c-acbbd25eb349,Figure 4 Glute Stretch (Right),mobility,lower,na,[],,,2025-10-27 20:11:42.575052+00,Seated or lying figure-4 glute stretch,Static Stretch,Transverse,Glutes,,,Beginner,"[""stretch"",""static"",""glutes"",""cooldown"",""lower""]"
1ae8f1b6-941e-4bc3-9681-5009072f08b3,Cable Lateral Raise,strength,upper,push,"[""machine"",""cable""]","{""youtube"":""https://youtu.be/3VcKaXpzqRo""}","{""no_barbell"":true}",2025-10-24 17:54:38.67875+00,To shoulder height,,,,,,,"[""shoulders"",""cable"",""isolation"",""teen-safe"",""back"",""upper""]"
1d7beb33-3259-461f-9ce0-7aadf29a6564,TRX Row,strength,upper,pull,"[""trx""]","{""youtube"":""https://www.youtube.com/watch?v=yCuSGoe1gjY""}","{""no_barbell"":true}",2025-10-24 17:54:38.67875+00,Squeeze mid-back,,,,,,,"[""back"",""beginner"",""teen-safe"",""upper""]"
1e30f232-11cc-4a2b-a6c9-ed7d356c0c05,DB Shoulder Press,strength,upper,na,"[""dumbbell""]","{""youtube"":""https://www.youtube.com/watch?v=AqzDJHxynwo""}",,2025-10-28 14:24:24.559045+00,"Sit or stand with dumbbells at shoulder height, press them overhead until your arms are fully extended, then lower them back down slowly while keeping your core tight and back straight.",,,,,,,"[""primary"",""shoulders"",""upper""]"
55a63c26-9ee2-4c8f-9a7b-bfcad56c1b2b,1km Run Hyrox Pace,running,full,run,"[""road"",""treadmill""]","{""youtube"":""https://www.youtube.com/watch?v=eJfCTju-_l4""}",,2025-10-24 22:52:42.84367+00,Hyrox pace,,,,,,,"[""run"",""z2"",""engine"",""beginner"",""teen-safe""]"
917c05c6-5adf-4d3b-887e-ff2a292fa079,SkiErg,erg,full,gait,"[""skierg""]","{""youtube"":""https://youtu.be/B0lIgT5PHc8""}","{""no_barbell"":true}",2025-10-24 17:36:10.401531+00,Tall catch; lats engaged,,,,,,,"[""erg"",""ski"",""technique"",""teen-safe""]"
d035abfc-002c-438d-933f-4c304accb805,Air Squat,strength,lower,squat,"[""bodyweight""]","{""youtube"":""https://youtu.be/eNFXEEdfQp4""}","{""no_barbell"":true}",2025-10-24 17:54:38.67875+00,Below parallel; control,,,,,,,"[""legs"",""beginner"",""teen-safe"",""lower""]"
d8f8bf07-c315-40a4-ae0c-b3fcb4db74e2,RowErg,erg,full,gait,"[""rower""]","{""youtube"":""https://youtu.be/4zWu1yuJ0_g""}","{""no_barbell"":true}",2025-10-24 17:36:10.401531+00,Even split pacing; 20–24 spm,,,,,,,"[""erg"",""row"",""cardio"",""teen-safe"",""back"",""upper""]"
8833980d-fc4f-42e8-83ce-7e3c22d8c28e,Wall Balls,strength,full,squat,"[""medicine_ball""]","{""youtube"":""www.youtube.com/watch?v=fpUD0mcFp_0""}","{""no_barbell"":true}",2025-10-24 17:54:38.67875+00,Catch into squat; throw from legs,,,,,,,"[""hyrox"",""conditioning"",""teen-safe""]"
17b4533b-fa0f-48e4-9155-0860cd41ad23,Burpees,cardio,full,hinge,"[""bodyweight""]","{""youtube"":""https://youtube.com/shorts/1rfWwNu-eG8""}",,2025-10-24 22:49:07.59794+00,Jumping Forward,,,,,,,"[""hyrox"",""conditioning"",""low-impact"",""teen-safe""]"
5969d49e-1420-40dd-ab0a-3c5e54234b8d,Burpee Broad Jump,cardio,full,hinge,"[""bodyweight""]","{""youtube"":""https://www.youtube.com/watch?v=q7FF-rVgSa0""}",,2025-11-03 10:08:28.309741+00,Jumping Forward,,,,,,,"[""hyrox"",""conditioning"",""low-impact"",""teen-safe"",""primary""]"
a10d0c72-2a2d-4fe8-8e6d-c2e0f42e52c1,Sled Push,carry,full,carry,"[""sled""]","{""youtube"":""https://youtu.be/9XRRXaUpnLk""}","{""no_barbell"":true}",2025-10-24 17:54:38.67875+00,Fast short steps,,,,,,,"[""hyrox"",""sled"",""teen-safe""]"
4cf7c483-2455-4354-bea9-395f19f5c312,Sled Pull,carry,full,carry,"[""sled""]","{""youtube"":""https://youtu.be/hbCeJFBFyYk""}","{""no_barbell"":true}",2025-10-24 17:54:38.67875+00,Upright; heels down,,,,,,,"[""hyrox"",""knees"",""quads""]"
45fa718b-0f3a-41ed-a7cd-baa4bfd0f821,Farmer Carry,carry,full,carry,"[""dumbbell"",""kettlebell""]","{""youtube"":""https://youtu.be/hBu76e72MHw""}","{""no_barbell"":true}",2025-10-24 17:54:38.67875+00,Tall posture; short steps,,,,,,,"[""hyrox"",""carry"",""grip"",""teen-safe""]"
6ca8cc8f-dca0-4545-80f2-53a8170fa567,Walking Lunges,carry,lower,lunge,"[""bodyweight""]","{""youtube"":""https://www.youtube.com/watch?v=DlhojghkaQ0""}",,2025-10-24 22:50:29.879278+00,"Step forward into a lunge, lowering your back knee toward the ground, then push through your front heel to step forward into the next lunge, keeping your torso upright and core engaged.",,,,,,,"[""hyrox"",""legs"",""balance"",""teen-safe"",""primary"",""lower""]"
ebd2356a-1244-4cb2-9449-423a481e377c,Assault Bike,cardio,full,gait,"[""bike""]","{""youtube"":""https://www.youtube.com/watch?v=yvXr-9uRd1o""}","{""no_barbell"":true}",2025-10-24 17:54:38.67875+00,Powerful arms + legs,,,,,,,"[""hiit"",""bike"",""conditioning"",""teen-safe""]"

